fixation_id,aoi_id,world_timestamp,next_fixation_id,next_aoi,next_world_timestamp,transition_duration,transition
8,Surface 1|Bottom-Center,1473652.891088,9.0,Surface 1|Bottom-Center,1473652.958109,0.06702099996618927,Surface 1|Bottom-Center → Surface 1|Bottom-Center
9,Surface 1|Bottom-Center,1473652.958109,10.0,Surface 1|Bottom-Center,1473653.125661,0.16755199991166592,Surface 1|Bottom-Center → Surface 1|Bottom-Center
10,Surface 1|Bottom-Center,1473653.125661,11.0,Surface 1|Bottom-Right,1473653.259702,0.13404100015759468,Surface 1|Bottom-Center → Surface 1|Bottom-Right
11,Surface 1|Bottom-Right,1473653.259702,12.0,Surface 1|Bottom-Right,1473653.460765,0.2010629998985678,Surface 1|Bottom-Right → Surface 1|Bottom-Right
12,Surface 1|Bottom-Right,1473653.460765,13.0,Surface 1|Bottom-Right,1473653.695337,0.23457200010307133,Surface 1|Bottom-Right → Surface 1|Bottom-Right
13,Surface 1|Bottom-Right,1473653.695337,14.0,Surface 1|Bottom-Right,1473653.8964,0.2010629998985678,Surface 1|Bottom-Right → Surface 1|Bottom-Right
14,Surface 1|Bottom-Right,1473653.8964,15.0,Surface 1|Bottom-Right,1473654.130973,0.23457300011068583,Surface 1|Bottom-Right → Surface 1|Bottom-Right
15,Surface 1|Bottom-Right,1473654.130973,16.0,Surface 1|Bottom-Right,1473654.265014,0.13404099992476404,Surface 1|Bottom-Right → Surface 1|Bottom-Right
16,Surface 1|Bottom-Right,1473654.265014,17.0,Surface 1|Bottom-Right,1473654.399056,0.13404199993237853,Surface 1|Bottom-Right → Surface 1|Bottom-Right
17,Surface 1|Bottom-Right,1473654.399056,18.0,Surface 1|Bottom-Right,1473654.633629,0.23457300011068583,Surface 1|Bottom-Right → Surface 1|Bottom-Right
18,Surface 1|Bottom-Right,1473654.633629,19.0,Surface 1|Bottom-Right,1473654.700649,0.06701999995857477,Surface 1|Bottom-Right → Surface 1|Bottom-Right
19,Surface 1|Bottom-Right,1473654.700649,22.0,Surface 1|Middle-Right,1473656.342659,1.6420100000686944,Surface 1|Bottom-Right → Surface 1|Middle-Right
22,Surface 1|Middle-Right,1473656.342659,23.0,Surface 1|Bottom-Right,1473656.376169,0.033509999979287386,Surface 1|Middle-Right → Surface 1|Bottom-Right
23,Surface 1|Bottom-Right,1473656.376169,24.0,Surface 1|Bottom-Right,1473656.476701,0.10053199995309114,Surface 1|Bottom-Right → Surface 1|Bottom-Right
24,Surface 1|Bottom-Right,1473656.476701,25.0,Surface 1|Middle-Right,1473656.577232,0.10053099994547665,Surface 1|Bottom-Right → Surface 1|Middle-Right
25,Surface 1|Middle-Right,1473656.577232,26.0,Surface 1|Middle-Center,1473656.744784,0.16755200014449656,Surface 1|Middle-Right → Surface 1|Middle-Center
26,Surface 1|Middle-Center,1473656.744784,27.0,Surface 1|Middle-Right,1473656.945846,0.2010619998909533,Surface 1|Middle-Center → Surface 1|Middle-Right
27,Surface 1|Middle-Right,1473656.945846,28.0,Surface 1|Middle-Center,1473657.180419,0.23457300011068583,Surface 1|Middle-Right → Surface 1|Middle-Center
28,Surface 1|Middle-Center,1473657.180419,29.0,Surface 1|Bottom-Left,1473657.482013,0.30159399984404445,Surface 1|Middle-Center → Surface 1|Bottom-Left
29,Surface 1|Bottom-Left,1473657.482013,30.0,Surface 1|Bottom-Left,1473657.582544,0.10053099994547665,Surface 1|Bottom-Left → Surface 1|Bottom-Left
30,Surface 1|Bottom-Left,1473657.582544,31.0,Surface 1|Bottom-Left,1473657.817117,0.23457300011068583,Surface 1|Bottom-Left → Surface 1|Bottom-Left
31,Surface 1|Bottom-Left,1473657.817117,32.0,Surface 1|Middle-Right,1473658.0852,0.2680830000899732,Surface 1|Bottom-Left → Surface 1|Middle-Right
32,Surface 1|Middle-Right,1473658.0852,33.0,Surface 1|Middle-Right,1473658.286262,0.2010619998909533,Surface 1|Middle-Right → Surface 1|Middle-Right
33,Surface 1|Middle-Right,1473658.286262,34.0,Surface 1|Middle-Right,1473658.520835,0.23457300011068583,Surface 1|Middle-Right → Surface 1|Middle-Right
34,Surface 1|Middle-Right,1473658.520835,35.0,Surface 1|Middle-Right,1473658.755408,0.23457299987785518,Surface 1|Middle-Right → Surface 1|Middle-Right
35,Surface 1|Middle-Right,1473658.755408,36.0,Surface 1|Middle-Right,1473658.889449,0.13404099992476404,Surface 1|Middle-Right → Surface 1|Middle-Right
36,Surface 1|Middle-Right,1473658.889449,37.0,Surface 1|Middle-Right,1473659.124022,0.23457300011068583,Surface 1|Middle-Right → Surface 1|Middle-Right
37,Surface 1|Middle-Right,1473659.124022,38.0,Surface 1|Middle-Right,1473659.325085,0.2010629998985678,Surface 1|Middle-Right → Surface 1|Middle-Right
38,Surface 1|Middle-Right,1473659.325085,39.0,Surface 1|Middle-Right,1473659.559657,0.23457200010307133,Surface 1|Middle-Right → Surface 1|Middle-Right
39,Surface 1|Middle-Right,1473659.559657,40.0,Surface 1|Middle-Right,1473659.79423,0.23457300011068583,Surface 1|Middle-Right → Surface 1|Middle-Right
40,Surface 1|Middle-Right,1473659.79423,41.0,Surface 1|Bottom-Center,1473659.995293,0.2010629998985678,Surface 1|Middle-Right → Surface 1|Bottom-Center
41,Surface 1|Bottom-Center,1473659.995293,42.0,Surface 1|Bottom-Left,1473660.296886,0.3015930000692606,Surface 1|Bottom-Center → Surface 1|Bottom-Left
42,Surface 1|Bottom-Left,1473660.296886,43.0,Surface 1|Bottom-Left,1473660.497949,0.2010629998985678,Surface 1|Bottom-Left → Surface 1|Bottom-Left
43,Surface 1|Bottom-Left,1473660.497949,44.0,Surface 1|Bottom-Left,1473660.665501,0.16755199991166592,Surface 1|Bottom-Left → Surface 1|Bottom-Left
44,Surface 1|Bottom-Left,1473660.665501,45.0,Surface 1|Bottom-Left,1473660.866563,0.20106200012378395,Surface 1|Bottom-Left → Surface 1|Bottom-Left
45,Surface 1|Bottom-Left,1473660.866563,46.0,Surface 1|Bottom-Left,1473661.034115,0.16755199991166592,Surface 1|Bottom-Left → Surface 1|Bottom-Left
46,Surface 1|Bottom-Left,1473661.034115,47.0,Surface 1|Bottom-Left,1473661.268688,0.23457300011068583,Surface 1|Bottom-Left → Surface 1|Bottom-Left
47,Surface 1|Bottom-Left,1473661.268688,48.0,Surface 1|Bottom-Left,1473661.503261,0.23457299987785518,Surface 1|Bottom-Left → Surface 1|Bottom-Left
48,Surface 1|Bottom-Left,1473661.503261,49.0,Surface 1|Middle-Center,1473661.737833,0.23457200010307133,Surface 1|Bottom-Left → Surface 1|Middle-Center
49,Surface 1|Middle-Center,1473661.737833,50.0,Surface 1|Middle-Center,1473661.905385,0.16755199991166592,Surface 1|Middle-Center → Surface 1|Middle-Center
50,Surface 1|Middle-Center,1473661.905385,51.0,Surface 1|Middle-Center,1473662.139958,0.23457300011068583,Surface 1|Middle-Center → Surface 1|Middle-Center
51,Surface 1|Middle-Center,1473662.139958,52.0,Surface 1|Middle-Center,1473662.374531,0.23457299987785518,Surface 1|Middle-Center → Surface 1|Middle-Center
52,Surface 1|Middle-Center,1473662.374531,53.0,Surface 1|Middle-Center,1473662.609104,0.23457300011068583,Surface 1|Middle-Center → Surface 1|Middle-Center
53,Surface 1|Middle-Center,1473662.609104,54.0,Surface 1|Middle-Center,1473662.810166,0.2010619998909533,Surface 1|Middle-Center → Surface 1|Middle-Center
54,Surface 1|Middle-Center,1473662.810166,55.0,Surface 1|Middle-Center,1473663.044739,0.23457300011068583,Surface 1|Middle-Center → Surface 1|Middle-Center
55,Surface 1|Middle-Center,1473663.044739,59.0,Surface 1|Bottom-Center,1473665.222915,2.17817600001581,Surface 1|Middle-Center → Surface 1|Bottom-Center
59,Surface 1|Bottom-Center,1473665.222915,60.0,Surface 1|Bottom-Left,1473665.356957,0.13404199993237853,Surface 1|Bottom-Center → Surface 1|Bottom-Left
60,Surface 1|Bottom-Left,1473665.356957,61.0,Surface 1|Bottom-Left,1473665.524509,0.16755199991166592,Surface 1|Bottom-Left → Surface 1|Bottom-Left
61,Surface 1|Bottom-Left,1473665.524509,62.0,Surface 1|Bottom-Center,1473665.993654,0.46914500021375716,Surface 1|Bottom-Left → Surface 1|Bottom-Center
62,Surface 1|Bottom-Center,1473665.993654,63.0,Surface 1|Bottom-Center,1473666.094185,0.10053099994547665,Surface 1|Bottom-Center → Surface 1|Bottom-Center
63,Surface 1|Bottom-Center,1473666.094185,64.0,Surface 1|Bottom-Center,1473666.295248,0.2010629998985678,Surface 1|Bottom-Center → Surface 1|Bottom-Center
64,Surface 1|Bottom-Center,1473666.295248,71.0,Surface 1|Bottom-Center,1473667.903747,1.6084990000817925,Surface 1|Bottom-Center → Surface 1|Bottom-Center
71,Surface 1|Bottom-Center,1473667.903747,72.0,Surface 1|Middle-Right,1473668.071299,0.16755199991166592,Surface 1|Bottom-Center → Surface 1|Middle-Right
72,Surface 1|Middle-Right,1473668.071299,73.0,Surface 1|Middle-Right,1473668.439913,0.36861400003544986,Surface 1|Middle-Right → Surface 1|Middle-Right
73,Surface 1|Middle-Right,1473668.439913,74.0,Surface 1|Bottom-Center,1473668.607465,0.16755199991166592,Surface 1|Middle-Right → Surface 1|Bottom-Center
74,Surface 1|Bottom-Center,1473668.607465,77.0,Surface 1|Top-Left,1473669.512246,0.9047810002230108,Surface 1|Bottom-Center → Surface 1|Top-Left
77,Surface 1|Top-Left,1473669.512246,78.0,Surface 1|Top-Left,1473669.612777,0.10053099994547665,Surface 1|Top-Left → Surface 1|Top-Left
78,Surface 1|Top-Left,1473669.612777,79.0,Surface 1|Middle-Center,1473669.880861,0.26808399986475706,Surface 1|Top-Left → Surface 1|Middle-Center
79,Surface 1|Middle-Center,1473669.880861,80.0,Surface 1|Middle-Center,1473670.048413,0.16755200014449656,Surface 1|Middle-Center → Surface 1|Middle-Center
80,Surface 1|Middle-Center,1473670.048413,82.0,Surface 2|Bottom-Left,1473671.556381,1.5079679999034852,Surface 1|Middle-Center → Surface 2|Bottom-Left
82,Surface 2|Bottom-Left,1473671.556381,83.0,Surface 2|Bottom-Left,1473671.656912,0.10053099994547665,Surface 2|Bottom-Left → Surface 2|Bottom-Left
83,Surface 2|Bottom-Left,1473671.656912,84.0,Surface 2|Bottom-Left,1473671.857974,0.20106200012378395,Surface 2|Bottom-Left → Surface 2|Bottom-Left
84,Surface 2|Bottom-Left,1473671.857974,85.0,Surface 2|Bottom-Left,1473672.092547,0.23457299987785518,Surface 2|Bottom-Left → Surface 2|Bottom-Left
85,Surface 2|Bottom-Left,1473672.092547,86.0,Surface 2|Bottom-Left,1473672.193078,0.1005310001783073,Surface 2|Bottom-Left → Surface 2|Bottom-Left
86,Surface 2|Bottom-Left,1473672.193078,87.0,Surface 2|Bottom-Left,1473672.394141,0.2010629998985678,Surface 2|Bottom-Left → Surface 2|Bottom-Left
87,Surface 2|Bottom-Left,1473672.394141,88.0,Surface 2|Bottom-Left,1473672.595203,0.2010619998909533,Surface 2|Bottom-Left → Surface 2|Bottom-Left
88,Surface 2|Bottom-Left,1473672.595203,89.0,Surface 2|Bottom-Left,1473672.695734,0.1005310001783073,Surface 2|Bottom-Left → Surface 2|Bottom-Left
89,Surface 2|Bottom-Left,1473672.695734,90.0,Surface 2|Bottom-Left,1473672.930307,0.23457299987785518,Surface 2|Bottom-Left → Surface 2|Bottom-Left
90,Surface 2|Bottom-Left,1473672.930307,98.0,Surface 2|Middle-Center,1473674.639337,1.7090300000272691,Surface 2|Bottom-Left → Surface 2|Middle-Center
98,Surface 2|Middle-Center,1473674.639337,99.0,Surface 2|Middle-Center,1473674.773379,0.13404199993237853,Surface 2|Middle-Center → Surface 2|Middle-Center
99,Surface 2|Middle-Center,1473674.773379,100.0,Surface 2|Bottom-Center,1473674.907421,0.13404200016520917,Surface 2|Middle-Center → Surface 2|Bottom-Center
100,Surface 2|Bottom-Center,1473674.907421,101.0,Surface 2|Bottom-Center,1473675.007952,0.10053099994547665,Surface 2|Bottom-Center → Surface 2|Bottom-Center
101,Surface 2|Bottom-Center,1473675.007952,102.0,Surface 2|Bottom-Center,1473675.209014,0.2010619998909533,Surface 2|Bottom-Center → Surface 2|Bottom-Center
102,Surface 2|Bottom-Center,1473675.209014,103.0,Surface 2|Bottom-Center,1473675.443587,0.23457300011068583,Surface 2|Bottom-Center → Surface 2|Bottom-Center
103,Surface 2|Bottom-Center,1473675.443587,104.0,Surface 2|Bottom-Center,1473675.67816,0.23457299987785518,Surface 2|Bottom-Center → Surface 2|Bottom-Center
104,Surface 2|Bottom-Center,1473675.67816,106.0,Surface 2|Bottom-Center,1473675.946243,0.2680830000899732,Surface 2|Bottom-Center → Surface 2|Bottom-Center
106,Surface 2|Bottom-Center,1473675.946243,107.0,Surface 2|Bottom-Center,1473676.147305,0.20106200012378395,Surface 2|Bottom-Center → Surface 2|Bottom-Center
107,Surface 2|Bottom-Center,1473676.147305,108.0,Surface 2|Bottom-Center,1473676.281347,0.13404199993237853,Surface 2|Bottom-Center → Surface 2|Bottom-Center
108,Surface 2|Bottom-Center,1473676.281347,109.0,Surface 2|Bottom-Center,1473676.51592,0.23457299987785518,Surface 2|Bottom-Center → Surface 2|Bottom-Center
109,Surface 2|Bottom-Center,1473676.51592,134.0,Surface 1|Middle-Left,1473688.814237,12.29831700003706,Surface 2|Bottom-Center → Surface 1|Middle-Left
134,Surface 1|Middle-Left,1473688.814237,141.0,Surface 1|Bottom-Right,1473691.662621,2.848384000128135,Surface 1|Middle-Left → Surface 1|Bottom-Right
141,Surface 1|Bottom-Right,1473691.662621,142.0,Surface 1|Middle-Center,1473692.031235,0.3686139998026192,Surface 1|Bottom-Right → Surface 1|Middle-Center
142,Surface 1|Middle-Center,1473692.031235,143.0,Surface 1|Top-Center,1473692.868995,0.8377600000239909,Surface 1|Middle-Center → Surface 1|Top-Center
143,Surface 1|Top-Center,1473692.868995,145.0,Surface 1|Bottom-Center,1473693.907817,1.0388220001477748,Surface 1|Top-Center → Surface 1|Bottom-Center
145,Surface 1|Bottom-Center,1473693.907817,148.0,Surface 1|Bottom-Center,1473694.511005,0.6031879999209195,Surface 1|Bottom-Center → Surface 1|Bottom-Center
148,Surface 1|Bottom-Center,1473694.511005,151.0,Surface 1|Bottom-Left,1473695.482806,0.9718009999487549,Surface 1|Bottom-Center → Surface 1|Bottom-Left
151,Surface 1|Bottom-Left,1473695.482806,152.0,Surface 1|Bottom-Center,1473695.81791,0.3351040000561625,Surface 1|Bottom-Left → Surface 1|Bottom-Center
152,Surface 1|Bottom-Center,1473695.81791,153.0,Surface 1|Bottom-Center,1473696.052483,0.23457300011068583,Surface 1|Bottom-Center → Surface 1|Bottom-Center
153,Surface 1|Bottom-Center,1473696.052483,154.0,Surface 1|Bottom-Center,1473696.287056,0.23457299987785518,Surface 1|Bottom-Center → Surface 1|Bottom-Center
154,Surface 1|Bottom-Center,1473696.287056,157.0,Surface 1|Bottom-Right,1473696.890243,0.603186999913305,Surface 1|Bottom-Center → Surface 1|Bottom-Right
157,Surface 1|Bottom-Right,1473696.890243,158.0,Surface 1|Middle-Left,1473697.258857,0.36861400003544986,Surface 1|Bottom-Right → Surface 1|Middle-Left
158,Surface 1|Middle-Left,1473697.258857,159.0,Surface 2|Bottom-Left,1473698.565763,1.3069060000125319,Surface 1|Middle-Left → Surface 2|Bottom-Left
159,Surface 2|Bottom-Left,1473698.565763,160.0,Surface 2|Bottom-Left,1473698.766825,0.20106200012378395,Surface 2|Bottom-Left → Surface 2|Bottom-Left
160,Surface 2|Bottom-Left,1473698.766825,162.0,Surface 2|Bottom-Left,1473699.403523,0.6366979999002069,Surface 2|Bottom-Left → Surface 2|Bottom-Left
162,Surface 2|Bottom-Left,1473699.403523,163.0,Surface 2|Bottom-Left,1473699.772137,0.36861400003544986,Surface 2|Bottom-Left → Surface 2|Bottom-Left
163,Surface 2|Bottom-Left,1473699.772137,164.0,Surface 2|Bottom-Left,1473699.9732,0.2010629998985678,Surface 2|Bottom-Left → Surface 2|Bottom-Left
164,Surface 2|Bottom-Left,1473699.9732,165.0,Surface 2|Bottom-Left,1473700.207773,0.23457300011068583,Surface 2|Bottom-Left → Surface 2|Bottom-Left
165,Surface 2|Bottom-Left,1473700.207773,166.0,Surface 2|Bottom-Left,1473700.408835,0.2010619998909533,Surface 2|Bottom-Left → Surface 2|Bottom-Left
166,Surface 2|Bottom-Left,1473700.408835,167.0,Surface 2|Bottom-Left,1473700.609897,0.20106200012378395,Surface 2|Bottom-Left → Surface 2|Bottom-Left
167,Surface 2|Bottom-Left,1473700.609897,168.0,Surface 2|Bottom-Left,1473700.84447,0.23457299987785518,Surface 2|Bottom-Left → Surface 2|Bottom-Left
168,Surface 2|Bottom-Left,1473700.84447,169.0,Surface 2|Bottom-Left,1473701.146064,0.3015940000768751,Surface 2|Bottom-Left → Surface 2|Bottom-Left
169,Surface 2|Bottom-Left,1473701.146064,170.0,Surface 2|Bottom-Left,1473701.514678,0.36861400003544986,Surface 2|Bottom-Left → Surface 2|Bottom-Left
170,Surface 2|Bottom-Left,1473701.514678,171.0,Surface 2|Bottom-Left,1473701.883293,0.36861500004306436,Surface 2|Bottom-Left → Surface 2|Bottom-Left
171,Surface 2|Bottom-Left,1473701.883293,172.0,Surface 2|Bottom-Left,1473702.084355,0.2010619998909533,Surface 2|Bottom-Left → Surface 2|Bottom-Left
172,Surface 2|Bottom-Left,1473702.084355,173.0,Surface 2|Middle-Left,1473702.285417,0.20106200012378395,Surface 2|Bottom-Left → Surface 2|Middle-Left
173,Surface 2|Middle-Left,1473702.285417,174.0,Surface 2|Bottom-Left,1473702.419459,0.13404199993237853,Surface 2|Middle-Left → Surface 2|Bottom-Left
174,Surface 2|Bottom-Left,1473702.419459,175.0,Surface 2|Bottom-Left,1473702.654032,0.23457300011068583,Surface 2|Bottom-Left → Surface 2|Bottom-Left
175,Surface 2|Bottom-Left,1473702.654032,176.0,Surface 2|Bottom-Left,1473702.855094,0.2010619998909533,Surface 2|Bottom-Left → Surface 2|Bottom-Left
176,Surface 2|Bottom-Left,1473702.855094,177.0,Surface 2|Bottom-Left,1473702.989136,0.13404199993237853,Surface 2|Bottom-Left → Surface 2|Bottom-Left
177,Surface 2|Bottom-Left,1473702.989136,178.0,Surface 2|Bottom-Left,1473703.223709,0.23457300011068583,Surface 2|Bottom-Left → Surface 2|Bottom-Left
178,Surface 2|Bottom-Left,1473703.223709,179.0,Surface 2|Bottom-Left,1473703.424771,0.2010619998909533,Surface 2|Bottom-Left → Surface 2|Bottom-Left
179,Surface 2|Bottom-Left,1473703.424771,180.0,Surface 2|Bottom-Left,1473703.592323,0.16755200014449656,Surface 2|Bottom-Left → Surface 2|Bottom-Left
180,Surface 2|Bottom-Left,1473703.592323,181.0,Surface 2|Bottom-Left,1473703.793385,0.2010619998909533,Surface 2|Bottom-Left → Surface 2|Bottom-Left
181,Surface 2|Bottom-Left,1473703.793385,182.0,Surface 2|Bottom-Left,1473704.027958,0.23457300011068583,Surface 2|Bottom-Left → Surface 2|Bottom-Left
182,Surface 2|Bottom-Left,1473704.027958,183.0,Surface 2|Bottom-Left,1473704.262531,0.23457299987785518,Surface 2|Bottom-Left → Surface 2|Bottom-Left
183,Surface 2|Bottom-Left,1473704.262531,184.0,Surface 2|Bottom-Left,1473704.463593,0.20106200012378395,Surface 2|Bottom-Left → Surface 2|Bottom-Left
184,Surface 2|Bottom-Left,1473704.463593,185.0,Surface 2|Bottom-Left,1473704.698166,0.23457299987785518,Surface 2|Bottom-Left → Surface 2|Bottom-Left
185,Surface 2|Bottom-Left,1473704.698166,186.0,Surface 2|Bottom-Left,1473704.899229,0.20106300013139844,Surface 2|Bottom-Left → Surface 2|Bottom-Left
186,Surface 2|Bottom-Left,1473704.899229,187.0,Surface 2|Bottom-Left,1473705.133801,0.2345719998702407,Surface 2|Bottom-Left → Surface 2|Bottom-Left
187,Surface 2|Bottom-Left,1473705.133801,188.0,Surface 2|Bottom-Left,1473705.368374,0.23457300011068583,Surface 2|Bottom-Left → Surface 2|Bottom-Left
188,Surface 2|Bottom-Left,1473705.368374,189.0,Surface 2|Bottom-Left,1473705.569437,0.2010629998985678,Surface 2|Bottom-Left → Surface 2|Bottom-Left
189,Surface 2|Bottom-Left,1473705.569437,190.0,Surface 2|Bottom-Left,1473705.804009,0.23457200010307133,Surface 2|Bottom-Left → Surface 2|Bottom-Left
190,Surface 2|Bottom-Left,1473705.804009,191.0,Surface 2|Bottom-Left,1473706.038582,0.23457299987785518,Surface 2|Bottom-Left → Surface 2|Bottom-Left
191,Surface 2|Bottom-Left,1473706.038582,192.0,Surface 2|Bottom-Left,1473706.239645,0.20106300013139844,Surface 2|Bottom-Left → Surface 2|Bottom-Left
192,Surface 2|Bottom-Left,1473706.239645,193.0,Surface 2|Bottom-Left,1473706.474217,0.2345719998702407,Surface 2|Bottom-Left → Surface 2|Bottom-Left
193,Surface 2|Bottom-Left,1473706.474217,194.0,Surface 2|Bottom-Left,1473706.67528,0.20106300013139844,Surface 2|Bottom-Left → Surface 2|Bottom-Left
194,Surface 2|Bottom-Left,1473706.67528,195.0,Surface 2|Bottom-Left,1473706.909853,0.23457299987785518,Surface 2|Bottom-Left → Surface 2|Bottom-Left
195,Surface 2|Bottom-Left,1473706.909853,199.0,Surface 2|Bottom-Left,1473708.518352,1.6084990000817925,Surface 2|Bottom-Left → Surface 2|Bottom-Left
199,Surface 2|Bottom-Left,1473708.518352,200.0,Surface 2|Bottom-Left,1473708.585373,0.06702099996618927,Surface 2|Bottom-Left → Surface 2|Bottom-Left
200,Surface 2|Bottom-Left,1473708.585373,214.0,Surface 1|Bottom-Right,1473715.186921,6.601548000006005,Surface 2|Bottom-Left → Surface 1|Bottom-Right
214,Surface 1|Bottom-Right,1473715.186921,215.0,Surface 1|Middle-Right,1473715.220432,0.03351099998690188,Surface 1|Bottom-Right → Surface 1|Middle-Right
215,Surface 1|Middle-Right,1473715.220432,216.0,Surface 1|Middle-Right,1473715.488515,0.2680830000899732,Surface 1|Middle-Right → Surface 1|Middle-Right
216,Surface 1|Middle-Right,1473715.488515,217.0,Surface 1|Bottom-Center,1473715.756598,0.26808299985714257,Surface 1|Middle-Right → Surface 1|Bottom-Center
217,Surface 1|Bottom-Center,1473715.756598,218.0,Surface 1|Middle-Center,1473715.857129,0.10053099994547665,Surface 1|Bottom-Center → Surface 1|Middle-Center
218,Surface 1|Middle-Center,1473715.857129,219.0,Surface 1|Bottom-Right,1473715.957661,0.10053200018592179,Surface 1|Middle-Center → Surface 1|Bottom-Right
219,Surface 1|Bottom-Right,1473715.957661,220.0,Surface 1|Bottom-Center,1473716.091702,0.13404099992476404,Surface 1|Bottom-Right → Surface 1|Bottom-Center
220,Surface 1|Bottom-Center,1473716.091702,236.0,Surface 1|Bottom-Left,1473721.084752,4.993049999931827,Surface 1|Bottom-Center → Surface 1|Bottom-Left
236,Surface 1|Bottom-Left,1473721.084752,237.0,Surface 1|Bottom-Left,1473721.185283,0.1005310001783073,Surface 1|Bottom-Left → Surface 1|Bottom-Left
237,Surface 1|Bottom-Left,1473721.185283,238.0,Surface 1|Bottom-Left,1473721.285814,0.10053099994547665,Surface 1|Bottom-Left → Surface 1|Bottom-Left
238,Surface 1|Bottom-Left,1473721.285814,239.0,Surface 1|Bottom-Left,1473721.520387,0.23457299987785518,Surface 1|Bottom-Left → Surface 1|Bottom-Left
239,Surface 1|Bottom-Left,1473721.520387,240.0,Surface 1|Middle-Left,1473721.620918,0.10053099994547665,Surface 1|Bottom-Left → Surface 1|Middle-Left
240,Surface 1|Middle-Left,1473721.620918,241.0,Surface 1|Middle-Left,1473721.687939,0.06702100019901991,Surface 1|Middle-Left → Surface 1|Middle-Left
241,Surface 1|Middle-Left,1473721.687939,242.0,Surface 1|Bottom-Left,1473721.855491,0.16755199991166592,Surface 1|Middle-Left → Surface 1|Bottom-Left
242,Surface 1|Bottom-Left,1473721.855491,243.0,Surface 1|Middle-Left,1473722.023043,0.16755199991166592,Surface 1|Bottom-Left → Surface 1|Middle-Left
243,Surface 1|Middle-Left,1473722.023043,244.0,Surface 1|Bottom-Left,1473722.090064,0.06702100019901991,Surface 1|Middle-Left → Surface 1|Bottom-Left
244,Surface 1|Bottom-Left,1473722.090064,245.0,Surface 1|Bottom-Left,1473722.525699,0.4356350000016391,Surface 1|Bottom-Left → Surface 1|Bottom-Left
245,Surface 1|Bottom-Left,1473722.525699,246.0,Surface 1|Bottom-Left,1473722.62623,0.10053099994547665,Surface 1|Bottom-Left → Surface 1|Bottom-Left
246,Surface 1|Bottom-Left,1473722.62623,247.0,Surface 1|Bottom-Left,1473722.760272,0.13404199993237853,Surface 1|Bottom-Left → Surface 1|Bottom-Left
247,Surface 1|Bottom-Left,1473722.760272,248.0,Surface 1|Bottom-Left,1473722.994845,0.23457300011068583,Surface 1|Bottom-Left → Surface 1|Bottom-Left
248,Surface 1|Bottom-Left,1473722.994845,249.0,Surface 1|Bottom-Left,1473723.229417,0.2345719998702407,Surface 1|Bottom-Left → Surface 1|Bottom-Left
249,Surface 1|Bottom-Left,1473723.229417,250.0,Surface 1|Bottom-Left,1473723.396969,0.16755200014449656,Surface 1|Bottom-Left → Surface 1|Bottom-Left
250,Surface 1|Bottom-Left,1473723.396969,251.0,Surface 1|Bottom-Left,1473723.497501,0.10053199995309114,Surface 1|Bottom-Left → Surface 1|Bottom-Left
251,Surface 1|Bottom-Left,1473723.497501,252.0,Surface 1|Bottom-Left,1473723.732073,0.2345719998702407,Surface 1|Bottom-Left → Surface 1|Bottom-Left
252,Surface 1|Bottom-Left,1473723.732073,253.0,Surface 1|Bottom-Left,1473723.933136,0.20106300013139844,Surface 1|Bottom-Left → Surface 1|Bottom-Left
253,Surface 1|Bottom-Left,1473723.933136,254.0,Surface 1|Bottom-Left,1473724.100688,0.16755199991166592,Surface 1|Bottom-Left → Surface 1|Bottom-Left
254,Surface 1|Bottom-Left,1473724.100688,255.0,Surface 1|Bottom-Left,1473724.201219,0.10053099994547665,Surface 1|Bottom-Left → Surface 1|Bottom-Left
255,Surface 1|Bottom-Left,1473724.201219,256.0,Surface 1|Bottom-Left,1473724.435792,0.23457300011068583,Surface 1|Bottom-Left → Surface 1|Bottom-Left
256,Surface 1|Bottom-Left,1473724.435792,257.0,Surface 1|Bottom-Left,1473724.670365,0.23457299987785518,Surface 1|Bottom-Left → Surface 1|Bottom-Left
257,Surface 1|Bottom-Left,1473724.670365,258.0,Surface 1|Bottom-Left,1473724.871427,0.20106200012378395,Surface 1|Bottom-Left → Surface 1|Bottom-Left
258,Surface 1|Bottom-Left,1473724.871427,259.0,Surface 1|Bottom-Left,1473725.106,0.23457299987785518,Surface 1|Bottom-Left → Surface 1|Bottom-Left
259,Surface 1|Bottom-Left,1473725.106,261.0,Surface 1|Middle-Center,1473725.709187,0.6031870001461357,Surface 1|Bottom-Left → Surface 1|Middle-Center
261,Surface 1|Middle-Center,1473725.709187,262.0,Surface 1|Middle-Center,1473725.910249,0.2010619998909533,Surface 1|Middle-Center → Surface 1|Middle-Center
262,Surface 1|Middle-Center,1473725.910249,263.0,Surface 1|Bottom-Left,1473726.245353,0.3351040000561625,Surface 1|Middle-Center → Surface 1|Bottom-Left
263,Surface 1|Bottom-Left,1473726.245353,264.0,Surface 1|Bottom-Left,1473726.412905,0.16755199991166592,Surface 1|Bottom-Left → Surface 1|Bottom-Left
264,Surface 1|Bottom-Left,1473726.412905,265.0,Surface 1|Bottom-Left,1473726.647478,0.23457300011068583,Surface 1|Bottom-Left → Surface 1|Bottom-Left
265,Surface 1|Bottom-Left,1473726.647478,266.0,Surface 1|Bottom-Left,1473726.915561,0.26808299985714257,Surface 1|Bottom-Left → Surface 1|Bottom-Left
266,Surface 1|Bottom-Left,1473726.915561,267.0,Surface 1|Bottom-Left,1473727.150134,0.23457300011068583,Surface 1|Bottom-Left → Surface 1|Bottom-Left
267,Surface 1|Bottom-Left,1473727.150134,268.0,Surface 1|Bottom-Left,1473727.284176,0.13404199993237853,Surface 1|Bottom-Left → Surface 1|Bottom-Left
268,Surface 1|Bottom-Left,1473727.284176,269.0,Surface 1|Bottom-Left,1473727.485238,0.20106200012378395,Surface 1|Bottom-Left → Surface 1|Bottom-Left
269,Surface 1|Bottom-Left,1473727.485238,283.0,Surface 1|Bottom-Left,1473731.84159,4.35635200003162,Surface 1|Bottom-Left → Surface 1|Bottom-Left
283,Surface 1|Bottom-Left,1473731.84159,284.0,Surface 1|Middle-Left,1473731.942121,0.10053099994547665,Surface 1|Bottom-Left → Surface 1|Middle-Left
284,Surface 1|Middle-Left,1473731.942121,285.0,Surface 1|Bottom-Left,1473732.042653,0.10053199995309114,Surface 1|Middle-Left → Surface 1|Bottom-Left
285,Surface 1|Bottom-Left,1473732.042653,286.0,Surface 1|Bottom-Left,1473732.109673,0.06701999995857477,Surface 1|Bottom-Left → Surface 1|Bottom-Left
286,Surface 1|Bottom-Left,1473732.109673,287.0,Surface 1|Middle-Left,1473732.243715,0.13404200016520917,Surface 1|Bottom-Left → Surface 1|Middle-Left
287,Surface 1|Middle-Left,1473732.243715,288.0,Surface 1|Middle-Left,1473732.444777,0.2010619998909533,Surface 1|Middle-Left → Surface 1|Middle-Left
288,Surface 1|Middle-Left,1473732.444777,289.0,Surface 1|Bottom-Left,1473732.545309,0.10053199995309114,Surface 1|Middle-Left → Surface 1|Bottom-Left
289,Surface 1|Bottom-Left,1473732.545309,290.0,Surface 1|Middle-Left,1473732.779881,0.23457200010307133,Surface 1|Bottom-Left → Surface 1|Middle-Left
290,Surface 1|Middle-Left,1473732.779881,291.0,Surface 1|Middle-Left,1473733.014454,0.23457299987785518,Surface 1|Middle-Left → Surface 1|Middle-Left
291,Surface 1|Middle-Left,1473733.014454,296.0,Surface 1|Bottom-Left,1473742.196304,9.181850000051782,Surface 1|Middle-Left → Surface 1|Bottom-Left
296,Surface 1|Bottom-Left,1473742.196304,297.0,Surface 1|Bottom-Left,1473742.296835,0.10053099994547665,Surface 1|Bottom-Left → Surface 1|Bottom-Left
297,Surface 1|Bottom-Left,1473742.296835,298.0,Surface 1|Bottom-Left,1473742.397366,0.1005310001783073,Surface 1|Bottom-Left → Surface 1|Bottom-Left
298,Surface 1|Bottom-Left,1473742.397366,299.0,Surface 1|Bottom-Left,1473742.497897,0.10053099994547665,Surface 1|Bottom-Left → Surface 1|Bottom-Left
299,Surface 1|Bottom-Left,1473742.497897,300.0,Surface 1|Bottom-Left,1473742.598429,0.10053199995309114,Surface 1|Bottom-Left → Surface 1|Bottom-Left
300,Surface 1|Bottom-Left,1473742.598429,301.0,Surface 1|Top-Left,1473743.335657,0.7372280000708997,Surface 1|Bottom-Left → Surface 1|Top-Left
301,Surface 1|Top-Left,1473743.335657,302.0,Surface 2|Bottom-Left,1473743.871824,0.5361669999547303,Surface 1|Top-Left → Surface 2|Bottom-Left
302,Surface 2|Bottom-Left,1473743.871824,305.0,Surface 2|Bottom-Left,1473744.609053,0.7372290000785142,Surface 2|Bottom-Left → Surface 2|Bottom-Left
305,Surface 2|Bottom-Left,1473744.609053,306.0,Surface 2|Bottom-Left,1473744.776605,0.16755199991166592,Surface 2|Bottom-Left → Surface 2|Bottom-Left
306,Surface 2|Bottom-Left,1473744.776605,307.0,Surface 2|Bottom-Left,1473744.877136,0.10053099994547665,Surface 2|Bottom-Left → Surface 2|Bottom-Left
307,Surface 2|Bottom-Left,1473744.877136,342.0,Surface 1|Middle-Left,1473753.187715,8.310579000040889,Surface 2|Bottom-Left → Surface 1|Middle-Left
